{
  "key": "A5",
  "seed": 3,
  "name": "Heterosynaptic OFF",
  "category": "A",
  "phase_a_osi_mean": 0.6444401991949793,
  "phase_a_osi_median": 0.680608492578913,
  "phase_a_n_tuned": 31,
  "phase_a_pref_uniformity_R": 0.4819942254471086,
  "phase_a_pref_max_gap": 26.328109478132433,
  "phase_a_mean_rate_hz": 2.671875,
  "phase_a_onoff_corr": -0.45992090630382626,
  "phase_a_stability_a_v1_rate_hz": 1.0416666666666667,
  "phase_a_stability_a_pv_rate_hz": 43.54166666666667,
  "phase_a_stability_a_som_rate_hz": 0.4166666666666667,
  "phase_a_stability_a_n_silent_e": 26,
  "ee_calibration_scale": 325.41354442926126,
  "ee_calibration_frac": 0.14897781989517786,
  "ee_calibration_mean": 0.6508271098136902,
  "phase_b_fwd_rev_weight_ratio": 1.4393648146382445,
  "phase_b_fwd_weight_mean": 0.11947892559349428,
  "phase_b_rev_weight_mean": 0.08300809105405492,
  "phase_b_trained_spike_mean": 14.9,
  "phase_b_reverse_spike_mean": 10.333333333333334,
  "phase_b_spike_ratio": 1.4419354838709677,
  "phase_b_omission_signal": 35.88150068786409,
  "phase_b_osi_post": 0.6089959762609425,
  "phase_b_stability_v1_rate_hz": 2.1875,
  "phase_b_stability_pv_rate_hz": 44.16666666666667,
  "phase_b_stability_som_rate_hz": 2.604166666666667,
  "phase_b_stability_n_silent_e": 16,
  "elapsed_seconds": 288.0
}