{
  "key": "A5",
  "seed": 5,
  "name": "Heterosynaptic OFF",
  "category": "A",
  "phase_a_osi_mean": 0.5160111640695856,
  "phase_a_osi_median": 0.570833284083276,
  "phase_a_n_tuned": 26,
  "phase_a_pref_uniformity_R": 0.08699982394285856,
  "phase_a_pref_max_gap": 35.686813521238804,
  "phase_a_mean_rate_hz": 2.8107635974884033,
  "phase_a_onoff_corr": -0.43314219808557475,
  "phase_a_stability_a_v1_rate_hz": 2.8125,
  "phase_a_stability_a_pv_rate_hz": 43.020833333333336,
  "phase_a_stability_a_som_rate_hz": 3.229166666666667,
  "phase_a_stability_a_n_silent_e": 12,
  "ee_calibration_scale": 230.78528899283802,
  "ee_calibration_frac": 0.14671941189870386,
  "ee_calibration_mean": 0.46157070994377136,
  "phase_b_fwd_rev_weight_ratio": 1.0602289852926567,
  "phase_b_fwd_weight_mean": 0.11227083381042771,
  "phase_b_rev_weight_mean": 0.10589300553732495,
  "phase_b_trained_spike_mean": 14.8,
  "phase_b_reverse_spike_mean": 12.833333333333334,
  "phase_b_spike_ratio": 1.1532467532467532,
  "phase_b_omission_signal": 37.83858144998551,
  "phase_b_osi_post": 0.5031039865414336,
  "phase_b_stability_v1_rate_hz": 4.270833333333334,
  "phase_b_stability_pv_rate_hz": 46.14583333333334,
  "phase_b_stability_som_rate_hz": 5.0,
  "phase_b_stability_n_silent_e": 4,
  "elapsed_seconds": 287.3
}