{
  "key": "A5",
  "seed": 1,
  "name": "Heterosynaptic OFF",
  "category": "A",
  "phase_a_osi_mean": 0.5809246541012548,
  "phase_a_osi_median": 0.6559881873339306,
  "phase_a_n_tuned": 27,
  "phase_a_pref_uniformity_R": 0.16832935697753998,
  "phase_a_pref_max_gap": 25.517931931667604,
  "phase_a_mean_rate_hz": 2.664930582046509,
  "phase_a_onoff_corr": -0.42569876940654305,
  "phase_a_stability_a_v1_rate_hz": 3.125,
  "phase_a_stability_a_pv_rate_hz": 44.79166666666667,
  "phase_a_stability_a_som_rate_hz": 3.020833333333334,
  "phase_a_stability_a_n_silent_e": 13,
  "ee_calibration_scale": 266.3092480775388,
  "ee_calibration_frac": 0.14866290002959728,
  "ee_calibration_mean": 0.5326184630393982,
  "phase_b_fwd_rev_weight_ratio": 1.2995913027857207,
  "phase_b_fwd_weight_mean": 0.12077343827899331,
  "phase_b_rev_weight_mean": 0.09293186097822531,
  "phase_b_trained_spike_mean": 15.8,
  "phase_b_reverse_spike_mean": 10.866666666666667,
  "phase_b_spike_ratio": 1.4539877300613497,
  "phase_b_omission_signal": 37.721554845439066,
  "phase_b_osi_post": 0.5497881800151797,
  "phase_b_stability_v1_rate_hz": 3.958333333333334,
  "phase_b_stability_pv_rate_hz": 45.31250000000001,
  "phase_b_stability_som_rate_hz": 4.375,
  "phase_b_stability_n_silent_e": 7,
  "elapsed_seconds": 288.5
}