{
  "key": "A5",
  "seed": 2,
  "name": "Heterosynaptic OFF",
  "category": "A",
  "phase_a_osi_mean": 0.5951613846638142,
  "phase_a_osi_median": 0.6212907506480102,
  "phase_a_n_tuned": 30,
  "phase_a_pref_uniformity_R": 0.22481472350747952,
  "phase_a_pref_max_gap": 28.32132931586863,
  "phase_a_mean_rate_hz": 2.675347328186035,
  "phase_a_onoff_corr": -0.4562536901978079,
  "phase_a_stability_a_v1_rate_hz": 1.979166666666667,
  "phase_a_stability_a_pv_rate_hz": 42.8125,
  "phase_a_stability_a_som_rate_hz": 1.0416666666666667,
  "phase_a_stability_a_n_silent_e": 19,
  "ee_calibration_scale": 298.6267786447653,
  "ee_calibration_frac": 0.14853500210202536,
  "ee_calibration_mean": 0.597253680229187,
  "phase_b_fwd_rev_weight_ratio": 1.0091645087785301,
  "phase_b_fwd_weight_mean": 0.10257404769965445,
  "phase_b_rev_weight_mean": 0.1016425437155016,
  "phase_b_trained_spike_mean": 11.466666666666667,
  "phase_b_reverse_spike_mean": 11.266666666666667,
  "phase_b_spike_ratio": 1.0177514792899407,
  "phase_b_omission_signal": 35.89965373886956,
  "phase_b_osi_post": 0.5273922764952481,
  "phase_b_stability_v1_rate_hz": 2.5,
  "phase_b_stability_pv_rate_hz": 43.54166666666667,
  "phase_b_stability_som_rate_hz": 2.1875,
  "phase_b_stability_n_silent_e": 17,
  "elapsed_seconds": 288.5
}