{
  "key": "A5",
  "seed": 4,
  "name": "Heterosynaptic OFF",
  "category": "A",
  "phase_a_osi_mean": 0.6129523523477516,
  "phase_a_osi_median": 0.6921735494943733,
  "phase_a_n_tuned": 30,
  "phase_a_pref_uniformity_R": 0.11836735609712962,
  "phase_a_pref_max_gap": 17.0726576059309,
  "phase_a_mean_rate_hz": 2.609375,
  "phase_a_onoff_corr": -0.4296840647517567,
  "phase_a_stability_a_v1_rate_hz": 2.083333333333333,
  "phase_a_stability_a_pv_rate_hz": 40.9375,
  "phase_a_stability_a_som_rate_hz": 2.0833333333333335,
  "phase_a_stability_a_n_silent_e": 17,
  "ee_calibration_scale": 266.3092480775388,
  "ee_calibration_frac": 0.14990396916152435,
  "ee_calibration_mean": 0.5326184630393982,
  "phase_b_fwd_rev_weight_ratio": 1.274146068441957,
  "phase_b_fwd_weight_mean": 0.11119451187686794,
  "phase_b_rev_weight_mean": 0.08726983085450955,
  "phase_b_trained_spike_mean": 13.5,
  "phase_b_reverse_spike_mean": 11.233333333333333,
  "phase_b_spike_ratio": 1.2017804154302671,
  "phase_b_omission_signal": 35.79010470410187,
  "phase_b_osi_post": 0.586874012742785,
  "phase_b_stability_v1_rate_hz": 4.166666666666667,
  "phase_b_stability_pv_rate_hz": 45.833333333333336,
  "phase_b_stability_som_rate_hz": 4.166666666666667,
  "phase_b_stability_n_silent_e": 9,
  "elapsed_seconds": 287.5
}