{
  "key": "B10",
  "seed": 4,
  "name": "E\u2192E STDP OFF (Phase B)",
  "category": "B",
  "phase_a_osi_mean": 0.7370172047452457,
  "phase_a_osi_median": 0.7883252344013573,
  "phase_a_n_tuned": 31,
  "phase_a_pref_uniformity_R": 0.1616434479743682,
  "phase_a_pref_max_gap": 22.2346018205329,
  "phase_a_mean_rate_hz": 1.8506945371627808,
  "phase_a_onoff_corr": -0.4673867928240893,
  "phase_a_stability_a_v1_rate_hz": 0.9375,
  "phase_a_stability_a_pv_rate_hz": 40.41666666666667,
  "phase_a_stability_a_som_rate_hz": 0.3125,
  "phase_a_stability_a_n_silent_e": 25,
  "phase_a_ee_calibration_scale": 307.301283895201,
  "phase_a_ee_calibration_frac": 0.1468886361380923,
  "phase_a_ee_calibration_mean": 0.6146025657653809,
  "ee_calibration_scale": 307.301283895201,
  "ee_calibration_frac": 0.1468886361380923,
  "ee_calibration_mean": 0.6146025657653809,
  "phase_b_fwd_rev_weight_ratio": 1.0,
  "phase_b_fwd_weight_mean": 0.6146025657653809,
  "phase_b_rev_weight_mean": 0.6146025657653809,
  "phase_b_trained_spike_mean": 6.266666666666667,
  "phase_b_reverse_spike_mean": 4.033333333333333,
  "phase_b_spike_ratio": 1.5537190082644627,
  "phase_b_omission_signal": 37.44963020490275,
  "phase_b_osi_post": 0.6991412728532499,
  "phase_b_stability_v1_rate_hz": 3.854166666666667,
  "phase_b_stability_pv_rate_hz": 46.04166666666667,
  "phase_b_stability_som_rate_hz": 3.75,
  "phase_b_stability_n_silent_e": 1,
  "elapsed_seconds": 151.5
}