{
  "key": "B10",
  "seed": 2,
  "name": "E\u2192E STDP OFF (Phase B)",
  "category": "B",
  "phase_a_osi_mean": 0.7744308415877791,
  "phase_a_osi_median": 0.8137289070449625,
  "phase_a_n_tuned": 32,
  "phase_a_pref_uniformity_R": 0.18555519190549874,
  "phase_a_pref_max_gap": 25.68285397006015,
  "phase_a_mean_rate_hz": 1.875,
  "phase_a_onoff_corr": -0.47914680947970234,
  "phase_a_stability_a_v1_rate_hz": 1.5625,
  "phase_a_stability_a_pv_rate_hz": 43.333333333333336,
  "phase_a_stability_a_som_rate_hz": 0.625,
  "phase_a_stability_a_n_silent_e": 23,
  "phase_a_ee_calibration_scale": 354.6030780581206,
  "phase_a_ee_calibration_frac": 0.1406438592200549,
  "phase_a_ee_calibration_mean": 0.709206223487854,
  "ee_calibration_scale": 354.6030780581206,
  "ee_calibration_frac": 0.1406438592200549,
  "ee_calibration_mean": 0.709206223487854,
  "phase_b_fwd_rev_weight_ratio": 1.0,
  "phase_b_fwd_weight_mean": 0.709206223487854,
  "phase_b_rev_weight_mean": 0.709206223487854,
  "phase_b_trained_spike_mean": 3.1,
  "phase_b_reverse_spike_mean": 2.4,
  "phase_b_spike_ratio": 1.2916666666666667,
  "phase_b_omission_signal": 33.36735938244396,
  "phase_b_osi_post": 0.8583569467044725,
  "phase_b_stability_v1_rate_hz": 1.3541666666666667,
  "phase_b_stability_pv_rate_hz": 43.22916666666667,
  "phase_b_stability_som_rate_hz": 1.1458333333333335,
  "phase_b_stability_n_silent_e": 19,
  "elapsed_seconds": 151.3
}