{
  "key": "B11",
  "seed": 4,
  "name": "SOM OFF (Phase B only)",
  "category": "B",
  "phase_a_osi_mean": 0.7370172047452457,
  "phase_a_osi_median": 0.7883252344013573,
  "phase_a_n_tuned": 31,
  "phase_a_pref_uniformity_R": 0.1616434479743682,
  "phase_a_pref_max_gap": 22.2346018205329,
  "phase_a_mean_rate_hz": 1.8506945371627808,
  "phase_a_onoff_corr": -0.4673867928240893,
  "phase_a_stability_a_v1_rate_hz": 0.9375,
  "phase_a_stability_a_pv_rate_hz": 40.41666666666667,
  "phase_a_stability_a_som_rate_hz": 0.3125,
  "phase_a_stability_a_n_silent_e": 25,
  "phase_a_ee_calibration_scale": 307.301283895201,
  "phase_a_ee_calibration_frac": 0.1468886361380923,
  "phase_a_ee_calibration_mean": 0.6146025657653809,
  "ee_calibration_scale": 307.301283895201,
  "ee_calibration_frac": 0.1468886361380923,
  "ee_calibration_mean": 0.6146025657653809,
  "phase_b_fwd_rev_weight_ratio": 1.1187829316392173,
  "phase_b_fwd_weight_mean": 0.11946599843633109,
  "phase_b_rev_weight_mean": 0.1067821067499591,
  "phase_b_trained_spike_mean": 8.7,
  "phase_b_reverse_spike_mean": 7.233333333333333,
  "phase_b_spike_ratio": 1.2027649769585251,
  "phase_b_omission_signal": 33.82707172883882,
  "phase_b_osi_post": 0.7161681369289947,
  "phase_b_stability_v1_rate_hz": 2.5,
  "phase_b_stability_pv_rate_hz": 45.520833333333336,
  "phase_b_stability_som_rate_hz": 2.0833333333333335,
  "phase_b_stability_n_silent_e": 15,
  "elapsed_seconds": 159.5
}