{
  "key": "B11",
  "seed": 2,
  "name": "SOM OFF (Phase B only)",
  "category": "B",
  "phase_a_osi_mean": 0.7744308415877791,
  "phase_a_osi_median": 0.8137289070449625,
  "phase_a_n_tuned": 32,
  "phase_a_pref_uniformity_R": 0.18555519190549874,
  "phase_a_pref_max_gap": 25.68285397006015,
  "phase_a_mean_rate_hz": 1.875,
  "phase_a_onoff_corr": -0.47914680947970234,
  "phase_a_stability_a_v1_rate_hz": 1.5625,
  "phase_a_stability_a_pv_rate_hz": 43.333333333333336,
  "phase_a_stability_a_som_rate_hz": 0.625,
  "phase_a_stability_a_n_silent_e": 23,
  "phase_a_ee_calibration_scale": 354.6030780581206,
  "phase_a_ee_calibration_frac": 0.1406438592200549,
  "phase_a_ee_calibration_mean": 0.709206223487854,
  "ee_calibration_scale": 354.6030780581206,
  "ee_calibration_frac": 0.1406438592200549,
  "ee_calibration_mean": 0.709206223487854,
  "phase_b_fwd_rev_weight_ratio": 1.2679974181483233,
  "phase_b_fwd_weight_mean": 0.1442637032857641,
  "phase_b_rev_weight_mean": 0.11377286832053228,
  "phase_b_trained_spike_mean": 9.8,
  "phase_b_reverse_spike_mean": 6.933333333333334,
  "phase_b_spike_ratio": 1.4134615384615385,
  "phase_b_omission_signal": 33.79954650494787,
  "phase_b_osi_post": 0.7480389055307686,
  "phase_b_stability_v1_rate_hz": 1.875,
  "phase_b_stability_pv_rate_hz": 43.22916666666667,
  "phase_b_stability_som_rate_hz": 1.25,
  "phase_b_stability_n_silent_e": 18,
  "elapsed_seconds": 159.0
}