{
  "key": "A3",
  "seed": 1,
  "name": "Push-Pull OFF",
  "category": "A",
  "phase_a_osi_mean": 0.7367283375222248,
  "phase_a_osi_median": 0.788760901015674,
  "phase_a_n_tuned": 31,
  "phase_a_pref_uniformity_R": 0.16785967223722537,
  "phase_a_pref_max_gap": 33.630015747445334,
  "phase_a_mean_rate_hz": 1.9253472089767456,
  "phase_a_onoff_corr": -0.4548722394867927,
  "phase_a_stability_a_v1_rate_hz": 1.875,
  "phase_a_stability_a_pv_rate_hz": 44.27083333333334,
  "phase_a_stability_a_som_rate_hz": 1.3541666666666667,
  "phase_a_stability_a_n_silent_e": 19,
  "ee_calibration_scale": 298.6267786447653,
  "ee_calibration_frac": 0.14679540082541365,
  "ee_calibration_mean": 0.597253680229187,
  "phase_b_fwd_rev_weight_ratio": 1.1630187034225399,
  "phase_b_fwd_weight_mean": 0.12578973530330892,
  "phase_b_rev_weight_mean": 0.10815796421255648,
  "phase_b_trained_spike_mean": 11.366666666666667,
  "phase_b_reverse_spike_mean": 8.466666666666667,
  "phase_b_spike_ratio": 1.3425196850393701,
  "phase_b_omission_signal": 34.779405447774465,
  "phase_b_osi_post": 0.7249520838763633,
  "phase_b_stability_v1_rate_hz": 2.916666666666667,
  "phase_b_stability_pv_rate_hz": 45.10416666666667,
  "phase_b_stability_som_rate_hz": 3.0208333333333335,
  "phase_b_stability_n_silent_e": 16,
  "elapsed_seconds": 236.3
}