{
  "key": "BL",
  "seed": 2,
  "name": "Full model (baseline)",
  "category": "A",
  "phase_a_osi_mean": 0.7744308415877791,
  "phase_a_osi_median": 0.8137289070449625,
  "phase_a_n_tuned": 32,
  "phase_a_pref_uniformity_R": 0.18555519190549874,
  "phase_a_pref_max_gap": 25.68285397006015,
  "phase_a_mean_rate_hz": 1.875,
  "phase_a_onoff_corr": -0.47914680947970234,
  "phase_a_stability_a_v1_rate_hz": 1.5625,
  "phase_a_stability_a_pv_rate_hz": 43.333333333333336,
  "phase_a_stability_a_som_rate_hz": 0.625,
  "phase_a_stability_a_n_silent_e": 23,
  "phase_a_ee_calibration_scale": 354.6030780581206,
  "phase_a_ee_calibration_frac": 0.1406438592200549,
  "phase_a_ee_calibration_mean": 0.709206223487854,
  "ee_calibration_scale": 354.6030780581206,
  "ee_calibration_frac": 0.1406438592200549,
  "ee_calibration_mean": 0.709206223487854,
  "phase_b_fwd_rev_weight_ratio": 1.2578905829237415,
  "phase_b_fwd_weight_mean": 0.148612769060105,
  "phase_b_rev_weight_mean": 0.118144432494821,
  "phase_b_trained_spike_mean": 9.6,
  "phase_b_reverse_spike_mean": 6.733333333333333,
  "phase_b_spike_ratio": 1.4257425742574257,
  "phase_b_omission_signal": 33.7440667740504,
  "phase_b_osi_post": 0.7471532209582165,
  "phase_b_stability_v1_rate_hz": 1.7708333333333335,
  "phase_b_stability_pv_rate_hz": 43.4375,
  "phase_b_stability_som_rate_hz": 1.3541666666666667,
  "phase_b_stability_n_silent_e": 19,
  "elapsed_seconds": 159.4
}