{
  "key": "A2",
  "seed": 4,
  "name": "SOM inhibition OFF",
  "category": "A",
  "phase_a_osi_mean": 0.7137568499791112,
  "phase_a_osi_median": 0.7691905967635053,
  "phase_a_n_tuned": 31,
  "phase_a_pref_uniformity_R": 0.125500292449389,
  "phase_a_pref_max_gap": 24.06491938963825,
  "phase_a_mean_rate_hz": 1.9461807012557983,
  "phase_a_onoff_corr": -0.47201941827844146,
  "phase_a_stability_a_v1_rate_hz": 1.1458333333333335,
  "phase_a_stability_a_pv_rate_hz": 40.208333333333336,
  "phase_a_stability_a_som_rate_hz": 0.7291666666666667,
  "phase_a_stability_a_n_silent_e": 24,
  "ee_calibration_scale": 258.79186662892766,
  "ee_calibration_frac": 0.13972832128346716,
  "ee_calibration_mean": 0.5175837874412537,
  "phase_b_fwd_rev_weight_ratio": 1.4275293713891486,
  "phase_b_fwd_weight_mean": 0.12842211166665296,
  "phase_b_rev_weight_mean": 0.08996109939348122,
  "phase_b_trained_spike_mean": 8.766666666666667,
  "phase_b_reverse_spike_mean": 8.6,
  "phase_b_spike_ratio": 1.0193798449612403,
  "phase_b_omission_signal": 34.079999271101414,
  "phase_b_osi_post": 0.6814589390954606,
  "phase_b_stability_v1_rate_hz": 3.4375,
  "phase_b_stability_pv_rate_hz": 45.9375,
  "phase_b_stability_som_rate_hz": 3.6458333333333335,
  "phase_b_stability_n_silent_e": 10,
  "elapsed_seconds": 287.3
}