{
  "key": "A2",
  "seed": 5,
  "name": "SOM inhibition OFF",
  "category": "A",
  "phase_a_osi_mean": 0.7054011311093706,
  "phase_a_osi_median": 0.7863430965681883,
  "phase_a_n_tuned": 30,
  "phase_a_pref_uniformity_R": 0.1579474291098038,
  "phase_a_pref_max_gap": 29.446816809285153,
  "phase_a_mean_rate_hz": 1.9479166269302368,
  "phase_a_onoff_corr": -0.46416083655272233,
  "phase_a_stability_a_v1_rate_hz": 1.3541666666666667,
  "phase_a_stability_a_pv_rate_hz": 42.29166666666667,
  "phase_a_stability_a_som_rate_hz": 1.0416666666666667,
  "phase_a_stability_a_n_silent_e": 21,
  "ee_calibration_scale": 274.04499428614054,
  "ee_calibration_frac": 0.1415038657593642,
  "ee_calibration_mean": 0.5480899810791016,
  "phase_b_fwd_rev_weight_ratio": 1.7591307257284718,
  "phase_b_fwd_weight_mean": 0.16159588821574272,
  "phase_b_rev_weight_mean": 0.09186121636800154,
  "phase_b_trained_spike_mean": 9.466666666666667,
  "phase_b_reverse_spike_mean": 8.1,
  "phase_b_spike_ratio": 1.168724279835391,
  "phase_b_omission_signal": 35.51230026668973,
  "phase_b_osi_post": 0.6899005636568929,
  "phase_b_stability_v1_rate_hz": 2.3958333333333335,
  "phase_b_stability_pv_rate_hz": 45.41666666666667,
  "phase_b_stability_som_rate_hz": 2.1875,
  "phase_b_stability_n_silent_e": 14,
  "elapsed_seconds": 288.5
}