{
  "key": "A2",
  "seed": 3,
  "name": "SOM inhibition OFF",
  "category": "A",
  "phase_a_osi_mean": 0.7424159004022258,
  "phase_a_osi_median": 0.7822404812893224,
  "phase_a_n_tuned": 31,
  "phase_a_pref_uniformity_R": 0.40470481389106594,
  "phase_a_pref_max_gap": 27.92682400312735,
  "phase_a_mean_rate_hz": 1.9045138359069824,
  "phase_a_onoff_corr": -0.4686509254939216,
  "phase_a_stability_a_v1_rate_hz": 0.7291666666666667,
  "phase_a_stability_a_pv_rate_hz": 43.333333333333336,
  "phase_a_stability_a_som_rate_hz": 0.10416666666666667,
  "phase_a_stability_a_n_silent_e": 27,
  "ee_calibration_scale": 375.503294466454,
  "ee_calibration_frac": 0.1005761366368206,
  "ee_calibration_mean": 0.7510067224502563,
  "phase_b_fwd_rev_weight_ratio": 1.5425718832510025,
  "phase_b_fwd_weight_mean": 0.13573322760918724,
  "phase_b_rev_weight_mean": 0.08799150890986462,
  "phase_b_trained_spike_mean": 9.166666666666666,
  "phase_b_reverse_spike_mean": 6.5,
  "phase_b_spike_ratio": 1.4102564102564101,
  "phase_b_omission_signal": 33.54751843091514,
  "phase_b_osi_post": 0.7240598361502353,
  "phase_b_stability_v1_rate_hz": 1.7708333333333335,
  "phase_b_stability_pv_rate_hz": 43.75000000000001,
  "phase_b_stability_som_rate_hz": 2.291666666666667,
  "phase_b_stability_n_silent_e": 16,
  "elapsed_seconds": 288.7
}