{
  "key": "A2",
  "seed": 2,
  "name": "SOM inhibition OFF",
  "category": "A",
  "phase_a_osi_mean": 0.7425001243774504,
  "phase_a_osi_median": 0.7613429019183005,
  "phase_a_n_tuned": 32,
  "phase_a_pref_uniformity_R": 0.18514377655858782,
  "phase_a_pref_max_gap": 25.991207504270733,
  "phase_a_mean_rate_hz": 1.795138955116272,
  "phase_a_onoff_corr": -0.47408919710294894,
  "phase_a_stability_a_v1_rate_hz": 1.7708333333333335,
  "phase_a_stability_a_pv_rate_hz": 43.125,
  "phase_a_stability_a_som_rate_hz": 1.3541666666666667,
  "phase_a_stability_a_n_silent_e": 19,
  "ee_calibration_scale": 290.19713745863174,
  "ee_calibration_frac": 0.1497660808937736,
  "ee_calibration_mean": 0.5803943872451782,
  "phase_b_fwd_rev_weight_ratio": 1.562168233040529,
  "phase_b_fwd_weight_mean": 0.15640175952664262,
  "phase_b_rev_weight_mean": 0.100118384319101,
  "phase_b_trained_spike_mean": 8.1,
  "phase_b_reverse_spike_mean": 6.733333333333333,
  "phase_b_spike_ratio": 1.202970297029703,
  "phase_b_omission_signal": 34.12436002122031,
  "phase_b_osi_post": 0.7325195694411254,
  "phase_b_stability_v1_rate_hz": 2.1875,
  "phase_b_stability_pv_rate_hz": 43.4375,
  "phase_b_stability_som_rate_hz": 2.3958333333333335,
  "phase_b_stability_n_silent_e": 14,
  "elapsed_seconds": 288.3
}