{
  "key": "A2",
  "seed": 1,
  "name": "SOM inhibition OFF",
  "category": "A",
  "phase_a_osi_mean": 0.7400302624865909,
  "phase_a_osi_median": 0.7808914385668961,
  "phase_a_n_tuned": 31,
  "phase_a_pref_uniformity_R": 0.1520187416000154,
  "phase_a_pref_max_gap": 25.75750870705079,
  "phase_a_mean_rate_hz": 1.8229166269302368,
  "phase_a_onoff_corr": -0.45578157862224006,
  "phase_a_stability_a_v1_rate_hz": 1.875,
  "phase_a_stability_a_pv_rate_hz": 43.85416666666667,
  "phase_a_stability_a_som_rate_hz": 1.5625,
  "phase_a_stability_a_n_silent_e": 19,
  "ee_calibration_scale": 282.0054483103209,
  "ee_calibration_frac": 0.14672246156062727,
  "ee_calibration_mean": 0.5640110373497009,
  "phase_b_fwd_rev_weight_ratio": 1.024109728738054,
  "phase_b_fwd_weight_mean": 0.12093474589866526,
  "phase_b_rev_weight_mean": 0.11808768387317786,
  "phase_b_trained_spike_mean": 12.133333333333333,
  "phase_b_reverse_spike_mean": 7.333333333333333,
  "phase_b_spike_ratio": 1.6545454545454545,
  "phase_b_omission_signal": 34.63396060989963,
  "phase_b_osi_post": 0.7233686314502206,
  "phase_b_stability_v1_rate_hz": 2.3958333333333335,
  "phase_b_stability_pv_rate_hz": 44.68750000000001,
  "phase_b_stability_som_rate_hz": 3.541666666666667,
  "phase_b_stability_n_silent_e": 16,
  "elapsed_seconds": 287.8
}