{
  "key": "B9",
  "seed": 4,
  "name": "E\u2192E OFF (Phase B)",
  "category": "B",
  "phase_a_osi_mean": 0.7370172047452457,
  "phase_a_osi_median": 0.7883252344013573,
  "phase_a_n_tuned": 31,
  "phase_a_pref_uniformity_R": 0.1616434479743682,
  "phase_a_pref_max_gap": 22.2346018205329,
  "phase_a_mean_rate_hz": 1.8506945371627808,
  "phase_a_onoff_corr": -0.4673867928240893,
  "phase_a_stability_a_v1_rate_hz": 0.9375,
  "phase_a_stability_a_pv_rate_hz": 40.41666666666667,
  "phase_a_stability_a_som_rate_hz": 0.3125,
  "phase_a_stability_a_n_silent_e": 25,
  "phase_a_ee_calibration_scale": 307.301283895201,
  "phase_a_ee_calibration_frac": 0.1468886361380923,
  "phase_a_ee_calibration_mean": 0.6146025657653809,
  "phase_b_fwd_rev_weight_ratio": 0.0,
  "phase_b_fwd_weight_mean": 0.0,
  "phase_b_rev_weight_mean": 0.0,
  "phase_b_trained_spike_mean": 7.333333333333333,
  "phase_b_reverse_spike_mean": 6.633333333333334,
  "phase_b_spike_ratio": 1.1055276381909547,
  "phase_b_omission_signal": 32.491369884808854,
  "phase_b_osi_post": 0.7387346399973845,
  "phase_b_stability_v1_rate_hz": 2.291666666666667,
  "phase_b_stability_pv_rate_hz": 45.833333333333336,
  "phase_b_stability_som_rate_hz": 1.7708333333333335,
  "phase_b_stability_n_silent_e": 16,
  "elapsed_seconds": 151.6
}