{
  "key": "B9",
  "seed": 5,
  "name": "E\u2192E OFF (Phase B)",
  "category": "B",
  "phase_a_osi_mean": 0.7519414698839834,
  "phase_a_osi_median": 0.8178206512552129,
  "phase_a_n_tuned": 30,
  "phase_a_pref_uniformity_R": 0.20193833850386841,
  "phase_a_pref_max_gap": 21.526282643583485,
  "phase_a_mean_rate_hz": 1.9322916269302368,
  "phase_a_onoff_corr": -0.4723188332758468,
  "phase_a_stability_a_v1_rate_hz": 1.7708333333333335,
  "phase_a_stability_a_pv_rate_hz": 42.60416666666667,
  "phase_a_stability_a_som_rate_hz": 3.125,
  "phase_a_stability_a_n_silent_e": 19,
  "phase_a_ee_calibration_scale": 298.6267786447653,
  "phase_a_ee_calibration_frac": 0.1426693671305675,
  "phase_a_ee_calibration_mean": 0.597253680229187,
  "phase_b_fwd_rev_weight_ratio": 0.0,
  "phase_b_fwd_weight_mean": 0.0,
  "phase_b_rev_weight_mean": 0.0,
  "phase_b_trained_spike_mean": 8.4,
  "phase_b_reverse_spike_mean": 7.166666666666667,
  "phase_b_spike_ratio": 1.172093023255814,
  "phase_b_omission_signal": 34.054791387849384,
  "phase_b_osi_post": 0.7471273096765334,
  "phase_b_stability_v1_rate_hz": 2.291666666666667,
  "phase_b_stability_pv_rate_hz": 45.208333333333336,
  "phase_b_stability_som_rate_hz": 3.75,
  "phase_b_stability_n_silent_e": 17,
  "elapsed_seconds": 151.1
}