{
  "key": "B9",
  "seed": 3,
  "name": "E\u2192E OFF (Phase B)",
  "category": "B",
  "phase_a_osi_mean": 0.7653354820924124,
  "phase_a_osi_median": 0.831029667576118,
  "phase_a_n_tuned": 31,
  "phase_a_pref_uniformity_R": 0.45949604246906617,
  "phase_a_pref_max_gap": 23.200744464867157,
  "phase_a_mean_rate_hz": 1.8645833730697632,
  "phase_a_onoff_corr": -0.47104838687848616,
  "phase_a_stability_a_v1_rate_hz": 0.625,
  "phase_a_stability_a_pv_rate_hz": 43.33333333333334,
  "phase_a_stability_a_som_rate_hz": 0.625,
  "phase_a_stability_a_n_silent_e": 28,
  "phase_a_ee_calibration_scale": 354.6030780581206,
  "phase_a_ee_calibration_frac": 0.1566709510157754,
  "phase_a_ee_calibration_mean": 0.709206223487854,
  "phase_b_fwd_rev_weight_ratio": 0.0,
  "phase_b_fwd_weight_mean": 0.0,
  "phase_b_rev_weight_mean": 0.0,
  "phase_b_trained_spike_mean": 8.266666666666667,
  "phase_b_reverse_spike_mean": 5.633333333333334,
  "phase_b_spike_ratio": 1.467455621301775,
  "phase_b_omission_signal": 32.016372879379325,
  "phase_b_osi_post": 0.7622538535765466,
  "phase_b_stability_v1_rate_hz": 1.4583333333333335,
  "phase_b_stability_pv_rate_hz": 43.75,
  "phase_b_stability_som_rate_hz": 2.7083333333333335,
  "phase_b_stability_n_silent_e": 20,
  "elapsed_seconds": 152.0
}