{
  "key": "A7",
  "seed": 1,
  "name": "Triplet\u2192Pair STDP",
  "category": "A",
  "phase_a_osi_mean": 0.7219506803206454,
  "phase_a_osi_median": 0.7597551564171989,
  "phase_a_n_tuned": 31,
  "phase_a_pref_uniformity_R": 0.11748618465047003,
  "phase_a_pref_max_gap": 17.339396454649965,
  "phase_a_mean_rate_hz": 1.826388955116272,
  "phase_a_onoff_corr": -0.45214506631075857,
  "phase_a_stability_a_v1_rate_hz": 2.1875,
  "phase_a_stability_a_pv_rate_hz": 44.16666666666667,
  "phase_a_stability_a_som_rate_hz": 2.5,
  "phase_a_stability_a_n_silent_e": 18,
  "ee_calibration_scale": 316.22776601683796,
  "ee_calibration_frac": 0.12606936747509276,
  "ee_calibration_mean": 0.6324555277824402,
  "phase_b_fwd_rev_weight_ratio": 1.1728354117091315,
  "phase_b_fwd_weight_mean": 0.13606824881966606,
  "phase_b_rev_weight_mean": 0.11601649085729653,
  "phase_b_trained_spike_mean": 11.6,
  "phase_b_reverse_spike_mean": 7.066666666666666,
  "phase_b_spike_ratio": 1.6415094339622642,
  "phase_b_omission_signal": 34.48917064126994,
  "phase_b_osi_post": 0.7196292508316375,
  "phase_b_stability_v1_rate_hz": 2.5,
  "phase_b_stability_pv_rate_hz": 44.895833333333336,
  "phase_b_stability_som_rate_hz": 2.916666666666667,
  "phase_b_stability_n_silent_e": 17,
  "elapsed_seconds": 288.2
}