{
  "key": "A7",
  "seed": 3,
  "name": "Triplet\u2192Pair STDP",
  "category": "A",
  "phase_a_osi_mean": 0.7419455799123004,
  "phase_a_osi_median": 0.8097646596717829,
  "phase_a_n_tuned": 31,
  "phase_a_pref_uniformity_R": 0.42153180696034387,
  "phase_a_pref_max_gap": 29.500451577416626,
  "phase_a_mean_rate_hz": 1.8472222089767456,
  "phase_a_onoff_corr": -0.47435810579590476,
  "phase_a_stability_a_v1_rate_hz": 0.9375,
  "phase_a_stability_a_pv_rate_hz": 43.4375,
  "phase_a_stability_a_som_rate_hz": 0.625,
  "phase_a_stability_a_n_silent_e": 26,
  "ee_calibration_scale": 334.8661511664233,
  "ee_calibration_frac": 0.141143109566178,
  "ee_calibration_mean": 0.6697322726249695,
  "phase_b_fwd_rev_weight_ratio": 1.382066707302981,
  "phase_b_fwd_weight_mean": 0.1236917768422336,
  "phase_b_rev_weight_mean": 0.08949768935799819,
  "phase_b_trained_spike_mean": 9.533333333333333,
  "phase_b_reverse_spike_mean": 6.0,
  "phase_b_spike_ratio": 1.5888888888888888,
  "phase_b_omission_signal": 33.521655486490985,
  "phase_b_osi_post": 0.7197609263462961,
  "phase_b_stability_v1_rate_hz": 1.6666666666666667,
  "phase_b_stability_pv_rate_hz": 43.85416666666667,
  "phase_b_stability_som_rate_hz": 2.291666666666667,
  "phase_b_stability_n_silent_e": 19,
  "elapsed_seconds": 287.1
}