{
  "key": "A7",
  "seed": 5,
  "name": "Triplet\u2192Pair STDP",
  "category": "A",
  "phase_a_osi_mean": 0.7262142722441318,
  "phase_a_osi_median": 0.8053993009932927,
  "phase_a_n_tuned": 29,
  "phase_a_pref_uniformity_R": 0.2072157359484347,
  "phase_a_pref_max_gap": 25.443627149265353,
  "phase_a_mean_rate_hz": 1.8125,
  "phase_a_onoff_corr": -0.46437755432298833,
  "phase_a_stability_a_v1_rate_hz": 1.5625,
  "phase_a_stability_a_pv_rate_hz": 42.60416666666667,
  "phase_a_stability_a_som_rate_hz": 1.3541666666666667,
  "phase_a_stability_a_n_silent_e": 19,
  "ee_calibration_scale": 282.0054483103209,
  "ee_calibration_frac": 0.13568722851443224,
  "ee_calibration_mean": 0.5640110373497009,
  "phase_b_fwd_rev_weight_ratio": 1.2376334341978155,
  "phase_b_fwd_weight_mean": 0.1378261254559648,
  "phase_b_rev_weight_mean": 0.11136263908812238,
  "phase_b_trained_spike_mean": 9.833333333333334,
  "phase_b_reverse_spike_mean": 6.933333333333334,
  "phase_b_spike_ratio": 1.4182692307692308,
  "phase_b_omission_signal": 35.430372330811295,
  "phase_b_osi_post": 0.7032406938465607,
  "phase_b_stability_v1_rate_hz": 2.1875,
  "phase_b_stability_pv_rate_hz": 45.10416666666667,
  "phase_b_stability_som_rate_hz": 2.291666666666667,
  "phase_b_stability_n_silent_e": 16,
  "elapsed_seconds": 288.6
}