{
  "key": "A7",
  "seed": 4,
  "name": "Triplet\u2192Pair STDP",
  "category": "A",
  "phase_a_osi_mean": 0.7316284125444388,
  "phase_a_osi_median": 0.792068256412802,
  "phase_a_n_tuned": 30,
  "phase_a_pref_uniformity_R": 0.18720946197870245,
  "phase_a_pref_max_gap": 32.53335797902754,
  "phase_a_mean_rate_hz": 1.7673611640930176,
  "phase_a_onoff_corr": -0.46521695917533123,
  "phase_a_stability_a_v1_rate_hz": 1.3541666666666667,
  "phase_a_stability_a_pv_rate_hz": 40.72916666666667,
  "phase_a_stability_a_som_rate_hz": 0.7291666666666667,
  "phase_a_stability_a_n_silent_e": 21,
  "ee_calibration_scale": 282.0054483103209,
  "ee_calibration_frac": 0.1431009522157947,
  "ee_calibration_mean": 0.5640110373497009,
  "phase_b_fwd_rev_weight_ratio": 1.1316984299577242,
  "phase_b_fwd_weight_mean": 0.12620248253643743,
  "phase_b_rev_weight_mean": 0.11151600037224745,
  "phase_b_trained_spike_mean": 7.533333333333333,
  "phase_b_reverse_spike_mean": 7.633333333333334,
  "phase_b_spike_ratio": 0.9868995633187773,
  "phase_b_omission_signal": 33.20572741448879,
  "phase_b_osi_post": 0.7072654618969234,
  "phase_b_stability_v1_rate_hz": 2.291666666666667,
  "phase_b_stability_pv_rate_hz": 45.520833333333336,
  "phase_b_stability_som_rate_hz": 3.125,
  "phase_b_stability_n_silent_e": 18,
  "elapsed_seconds": 288.9
}