{
  "key": "A7",
  "seed": 2,
  "name": "Triplet\u2192Pair STDP",
  "category": "A",
  "phase_a_osi_mean": 0.7693245450109181,
  "phase_a_osi_median": 0.8150467936090547,
  "phase_a_n_tuned": 32,
  "phase_a_pref_uniformity_R": 0.22702786773428935,
  "phase_a_pref_max_gap": 20.14214114640788,
  "phase_a_mean_rate_hz": 1.8055554628372192,
  "phase_a_onoff_corr": -0.47376684267896924,
  "phase_a_stability_a_v1_rate_hz": 1.25,
  "phase_a_stability_a_pv_rate_hz": 43.12500000000001,
  "phase_a_stability_a_som_rate_hz": 0.3125,
  "phase_a_stability_a_n_silent_e": 22,
  "ee_calibration_scale": 307.301283895201,
  "ee_calibration_frac": 0.14703167673309964,
  "ee_calibration_mean": 0.6146025657653809,
  "phase_b_fwd_rev_weight_ratio": 1.4099466626466752,
  "phase_b_fwd_weight_mean": 0.15864874178570204,
  "phase_b_rev_weight_mean": 0.11252109458374493,
  "phase_b_trained_spike_mean": 9.1,
  "phase_b_reverse_spike_mean": 5.8,
  "phase_b_spike_ratio": 1.5689655172413792,
  "phase_b_omission_signal": 34.00657822920217,
  "phase_b_osi_post": 0.7372986100701682,
  "phase_b_stability_v1_rate_hz": 1.9791666666666667,
  "phase_b_stability_pv_rate_hz": 43.333333333333336,
  "phase_b_stability_som_rate_hz": 2.5,
  "phase_b_stability_n_silent_e": 17,
  "elapsed_seconds": 289.5
}