{
  "key": "A6",
  "seed": 3,
  "name": "ON/OFF split OFF",
  "category": "A",
  "phase_a_osi_mean": 0.03962506933349855,
  "phase_a_osi_median": 0.03831770878007071,
  "phase_a_n_tuned": 0,
  "phase_a_pref_uniformity_R": 0.0,
  "phase_a_pref_max_gap": 180.0,
  "phase_a_mean_rate_hz": 8.239583015441895,
  "phase_a_onoff_corr": 0.33235080550234386,
  "phase_a_stability_a_v1_rate_hz": 7.604166666666668,
  "phase_a_stability_a_pv_rate_hz": 45.93750000000001,
  "phase_a_stability_a_som_rate_hz": 6.875,
  "phase_a_stability_a_n_silent_e": 0,
  "ee_calibration_scale": 224.27067839402773,
  "ee_calibration_frac": 0.14721182607593286,
  "ee_calibration_mean": 0.4485412836074829,
  "phase_b_fwd_rev_weight_ratio": 0.8446095738885128,
  "phase_b_fwd_weight_mean": 0.003594608567106138,
  "phase_b_rev_weight_mean": 0.004255941062279056,
  "phase_b_trained_spike_mean": 11.633333333333333,
  "phase_b_reverse_spike_mean": 10.4,
  "phase_b_spike_ratio": 1.1185897435897436,
  "phase_b_omission_signal": 58.13761414607366,
  "phase_b_osi_post": 0.2220538998013057,
  "phase_b_stability_v1_rate_hz": 3.3333333333333335,
  "phase_b_stability_pv_rate_hz": 44.89583333333334,
  "phase_b_stability_som_rate_hz": 3.3333333333333335,
  "phase_b_stability_n_silent_e": 1,
  "elapsed_seconds": 287.8
}