{
  "key": "A6",
  "seed": 2,
  "name": "ON/OFF split OFF",
  "category": "A",
  "phase_a_osi_mean": 0.025745534799044685,
  "phase_a_osi_median": 0.025095066109895234,
  "phase_a_n_tuned": 0,
  "phase_a_pref_uniformity_R": 0.0,
  "phase_a_pref_max_gap": 180.0,
  "phase_a_mean_rate_hz": 8.237847328186035,
  "phase_a_onoff_corr": 0.37801141159400875,
  "phase_a_stability_a_v1_rate_hz": 6.25,
  "phase_a_stability_a_pv_rate_hz": 44.895833333333336,
  "phase_a_stability_a_som_rate_hz": 7.5,
  "phase_a_stability_a_n_silent_e": 0,
  "ee_calibration_scale": 217.93996232090123,
  "ee_calibration_frac": 0.1490533424716021,
  "ee_calibration_mean": 0.4358798861503601,
  "phase_b_fwd_rev_weight_ratio": 0.6241982300307787,
  "phase_b_fwd_weight_mean": 0.0032635419724830785,
  "phase_b_rev_weight_mean": 0.005228374281551801,
  "phase_b_trained_spike_mean": 11.866666666666667,
  "phase_b_reverse_spike_mean": 10.966666666666667,
  "phase_b_spike_ratio": 1.082066869300912,
  "phase_b_omission_signal": 59.559066619475665,
  "phase_b_osi_post": 0.20325954706875182,
  "phase_b_stability_v1_rate_hz": 1.875,
  "phase_b_stability_pv_rate_hz": 43.22916666666667,
  "phase_b_stability_som_rate_hz": 3.229166666666667,
  "phase_b_stability_n_silent_e": 14,
  "elapsed_seconds": 287.6
}