{
  "key": "A6",
  "seed": 1,
  "name": "ON/OFF split OFF",
  "category": "A",
  "phase_a_osi_mean": 0.027512772261515054,
  "phase_a_osi_median": 0.025716181993751863,
  "phase_a_n_tuned": 0,
  "phase_a_pref_uniformity_R": 0.0,
  "phase_a_pref_max_gap": 180.0,
  "phase_a_mean_rate_hz": 8.331597328186035,
  "phase_a_onoff_corr": 0.3620719537314592,
  "phase_a_stability_a_v1_rate_hz": 7.1875,
  "phase_a_stability_a_pv_rate_hz": 46.14583333333334,
  "phase_a_stability_a_som_rate_hz": 6.770833333333334,
  "phase_a_stability_a_n_silent_e": 0,
  "ee_calibration_scale": 217.93996232090123,
  "ee_calibration_frac": 0.14784511437717426,
  "ee_calibration_mean": 0.4358798861503601,
  "phase_b_fwd_rev_weight_ratio": 2.4708107658907763,
  "phase_b_fwd_weight_mean": 0.004926267627714373,
  "phase_b_rev_weight_mean": 0.001993785884261499,
  "phase_b_trained_spike_mean": 11.266666666666667,
  "phase_b_reverse_spike_mean": 10.866666666666667,
  "phase_b_spike_ratio": 1.0368098159509203,
  "phase_b_omission_signal": 60.867135530312844,
  "phase_b_osi_post": 0.22706297906091572,
  "phase_b_stability_v1_rate_hz": 3.229166666666667,
  "phase_b_stability_pv_rate_hz": 45.41666666666667,
  "phase_b_stability_som_rate_hz": 3.3333333333333335,
  "phase_b_stability_n_silent_e": 1,
  "elapsed_seconds": 287.3
}