{
  "key": "A6",
  "seed": 4,
  "name": "ON/OFF split OFF",
  "category": "A",
  "phase_a_osi_mean": 0.023605668956620883,
  "phase_a_osi_median": 0.0216618734672136,
  "phase_a_n_tuned": 0,
  "phase_a_pref_uniformity_R": 0.0,
  "phase_a_pref_max_gap": 180.0,
  "phase_a_mean_rate_hz": 8.355902671813965,
  "phase_a_onoff_corr": 0.37787505466289084,
  "phase_a_stability_a_v1_rate_hz": 7.1875,
  "phase_a_stability_a_pv_rate_hz": 42.708333333333336,
  "phase_a_stability_a_som_rate_hz": 8.645833333333334,
  "phase_a_stability_a_n_silent_e": 0,
  "ee_calibration_scale": 237.4891358821792,
  "ee_calibration_frac": 0.14981622965028288,
  "ee_calibration_mean": 0.47497835755348206,
  "phase_b_fwd_rev_weight_ratio": 1.8165696249508996,
  "phase_b_fwd_weight_mean": 0.004836452178657856,
  "phase_b_rev_weight_mean": 0.0026624094734538904,
  "phase_b_trained_spike_mean": 7.9,
  "phase_b_reverse_spike_mean": 8.933333333333334,
  "phase_b_spike_ratio": 0.8843283582089553,
  "phase_b_omission_signal": 59.565769076082454,
  "phase_b_osi_post": 0.26108654119369357,
  "phase_b_stability_v1_rate_hz": 1.875,
  "phase_b_stability_pv_rate_hz": 45.3125,
  "phase_b_stability_som_rate_hz": 3.0208333333333335,
  "phase_b_stability_n_silent_e": 14,
  "elapsed_seconds": 288.2
}