{
  "key": "A6",
  "seed": 5,
  "name": "ON/OFF split OFF",
  "category": "A",
  "phase_a_osi_mean": 0.03720267522674441,
  "phase_a_osi_median": 0.035475159495266945,
  "phase_a_n_tuned": 0,
  "phase_a_pref_uniformity_R": 0.0,
  "phase_a_pref_max_gap": 180.0,
  "phase_a_mean_rate_hz": 8.217013359069824,
  "phase_a_onoff_corr": 0.3451112006252298,
  "phase_a_stability_a_v1_rate_hz": 6.770833333333334,
  "phase_a_stability_a_pv_rate_hz": 43.645833333333336,
  "phase_a_stability_a_som_rate_hz": 7.708333333333334,
  "phase_a_stability_a_n_silent_e": 0,
  "ee_calibration_scale": 258.79186662892766,
  "ee_calibration_frac": 0.14839132970010854,
  "ee_calibration_mean": 0.5175837874412537,
  "phase_b_fwd_rev_weight_ratio": 0.4855358516213304,
  "phase_b_fwd_weight_mean": 0.0048674465416527765,
  "phase_b_rev_weight_mean": 0.010024896257195236,
  "phase_b_trained_spike_mean": 12.7,
  "phase_b_reverse_spike_mean": 11.6,
  "phase_b_spike_ratio": 1.0948275862068966,
  "phase_b_omission_signal": 61.46357597284847,
  "phase_b_osi_post": 0.2166451622851424,
  "phase_b_stability_v1_rate_hz": 2.1875,
  "phase_b_stability_pv_rate_hz": 45.41666666666667,
  "phase_b_stability_som_rate_hz": 3.3333333333333335,
  "phase_b_stability_n_silent_e": 11,
  "elapsed_seconds": 287.0
}