{
  "key": "A8",
  "seed": 3,
  "name": "Retinotopy OFF",
  "category": "A",
  "phase_a_osi_mean": 0.24055754882194202,
  "phase_a_osi_median": 0.26425415147953824,
  "phase_a_n_tuned": 12,
  "phase_a_pref_uniformity_R": 0.17630594231663874,
  "phase_a_pref_max_gap": 37.68721816758665,
  "phase_a_mean_rate_hz": 3.9739582538604736,
  "phase_a_onoff_corr": -0.43758965047479453,
  "phase_a_stability_a_v1_rate_hz": 3.4375,
  "phase_a_stability_a_pv_rate_hz": 44.47916666666667,
  "phase_a_stability_a_som_rate_hz": 2.8125,
  "phase_a_stability_a_n_silent_e": 9,
  "ee_calibration_scale": 217.93996232090123,
  "ee_calibration_frac": 0.14773139392232204,
  "ee_calibration_mean": 0.4358798861503601,
  "phase_b_fwd_rev_weight_ratio": 0.8874991404788448,
  "phase_b_fwd_weight_mean": 0.08017187679426563,
  "phase_b_rev_weight_mean": 0.09033459655071821,
  "phase_b_trained_spike_mean": 18.533333333333335,
  "phase_b_reverse_spike_mean": 18.466666666666665,
  "phase_b_spike_ratio": 1.0036101083032494,
  "phase_b_omission_signal": 40.51555298083358,
  "phase_b_osi_post": 0.2148161617839886,
  "phase_b_stability_v1_rate_hz": 4.895833333333334,
  "phase_b_stability_pv_rate_hz": 45.00000000000001,
  "phase_b_stability_som_rate_hz": 4.583333333333334,
  "phase_b_stability_n_silent_e": 0,
  "elapsed_seconds": 288.5
}