{
  "key": "A8",
  "seed": 5,
  "name": "Retinotopy OFF",
  "category": "A",
  "phase_a_osi_mean": 0.22754945568016693,
  "phase_a_osi_median": 0.20451845345996156,
  "phase_a_n_tuned": 10,
  "phase_a_pref_uniformity_R": 0.24698143223213923,
  "phase_a_pref_max_gap": 55.35825612035501,
  "phase_a_mean_rate_hz": 4.142361164093018,
  "phase_a_onoff_corr": -0.4303445906893406,
  "phase_a_stability_a_v1_rate_hz": 3.3333333333333335,
  "phase_a_stability_a_pv_rate_hz": 43.020833333333336,
  "phase_a_stability_a_som_rate_hz": 4.895833333333334,
  "phase_a_stability_a_n_silent_e": 11,
  "ee_calibration_scale": 217.93996232090123,
  "ee_calibration_frac": 0.1498153175101632,
  "ee_calibration_mean": 0.4358798861503601,
  "phase_b_fwd_rev_weight_ratio": 1.344609367227272,
  "phase_b_fwd_weight_mean": 0.08777625605483759,
  "phase_b_rev_weight_mean": 0.06528011643697053,
  "phase_b_trained_spike_mean": 19.233333333333334,
  "phase_b_reverse_spike_mean": 19.866666666666667,
  "phase_b_spike_ratio": 0.9681208053691276,
  "phase_b_omission_signal": 43.79633268733819,
  "phase_b_osi_post": 0.22296862295972864,
  "phase_b_stability_v1_rate_hz": 4.583333333333334,
  "phase_b_stability_pv_rate_hz": 45.9375,
  "phase_b_stability_som_rate_hz": 6.354166666666667,
  "phase_b_stability_n_silent_e": 4,
  "elapsed_seconds": 288.6
}