{
  "key": "A8",
  "seed": 2,
  "name": "Retinotopy OFF",
  "category": "A",
  "phase_a_osi_mean": 0.2267122955797044,
  "phase_a_osi_median": 0.17958647741365902,
  "phase_a_n_tuned": 11,
  "phase_a_pref_uniformity_R": 0.47083807044959747,
  "phase_a_pref_max_gap": 67.26096081447783,
  "phase_a_mean_rate_hz": 4.232638835906982,
  "phase_a_onoff_corr": -0.44417642345588393,
  "phase_a_stability_a_v1_rate_hz": 3.0208333333333335,
  "phase_a_stability_a_pv_rate_hz": 43.958333333333336,
  "phase_a_stability_a_som_rate_hz": 3.125,
  "phase_a_stability_a_n_silent_e": 11,
  "ee_calibration_scale": 224.27067839402773,
  "ee_calibration_frac": 0.143194582696852,
  "ee_calibration_mean": 0.4485412836074829,
  "phase_b_fwd_rev_weight_ratio": 1.6141098199574777,
  "phase_b_fwd_weight_mean": 0.09365845845069658,
  "phase_b_rev_weight_mean": 0.058024836533838775,
  "phase_b_trained_spike_mean": 19.766666666666666,
  "phase_b_reverse_spike_mean": 19.966666666666665,
  "phase_b_spike_ratio": 0.989983305509182,
  "phase_b_omission_signal": 42.76764921002917,
  "phase_b_osi_post": 0.2086957422290949,
  "phase_b_stability_v1_rate_hz": 3.854166666666667,
  "phase_b_stability_pv_rate_hz": 43.75,
  "phase_b_stability_som_rate_hz": 3.75,
  "phase_b_stability_n_silent_e": 6,
  "elapsed_seconds": 290.2
}