{
  "key": "A8",
  "seed": 4,
  "name": "Retinotopy OFF",
  "category": "A",
  "phase_a_osi_mean": 0.2530298186941715,
  "phase_a_osi_median": 0.259693033437691,
  "phase_a_n_tuned": 9,
  "phase_a_pref_uniformity_R": 0.7172371443498073,
  "phase_a_pref_max_gap": 111.7745734176969,
  "phase_a_mean_rate_hz": 4.154513835906982,
  "phase_a_onoff_corr": -0.4496651871359728,
  "phase_a_stability_a_v1_rate_hz": 2.3958333333333335,
  "phase_a_stability_a_pv_rate_hz": 41.5625,
  "phase_a_stability_a_som_rate_hz": 3.4375,
  "phase_a_stability_a_n_silent_e": 14,
  "ee_calibration_scale": 237.4891358821792,
  "ee_calibration_frac": 0.14830209325761598,
  "ee_calibration_mean": 0.47497835755348206,
  "phase_b_fwd_rev_weight_ratio": 1.3060927540888874,
  "phase_b_fwd_weight_mean": 0.09644245562890245,
  "phase_b_rev_weight_mean": 0.07384043386426978,
  "phase_b_trained_spike_mean": 18.933333333333334,
  "phase_b_reverse_spike_mean": 18.933333333333334,
  "phase_b_spike_ratio": 1.0,
  "phase_b_omission_signal": 41.23148155947525,
  "phase_b_osi_post": 0.24236251973281903,
  "phase_b_stability_v1_rate_hz": 4.479166666666667,
  "phase_b_stability_pv_rate_hz": 46.5625,
  "phase_b_stability_som_rate_hz": 4.375,
  "phase_b_stability_n_silent_e": 1,
  "elapsed_seconds": 289.4
}