{
  "key": "A8",
  "seed": 1,
  "name": "Retinotopy OFF",
  "category": "A",
  "phase_a_osi_mean": 0.24669940021463105,
  "phase_a_osi_median": 0.2190761749508228,
  "phase_a_n_tuned": 10,
  "phase_a_pref_uniformity_R": 0.3799930067495144,
  "phase_a_pref_max_gap": 52.05308855312622,
  "phase_a_mean_rate_hz": 4.277777671813965,
  "phase_a_onoff_corr": -0.4405596268952091,
  "phase_a_stability_a_v1_rate_hz": 4.479166666666666,
  "phase_a_stability_a_pv_rate_hz": 44.79166666666667,
  "phase_a_stability_a_som_rate_hz": 4.479166666666667,
  "phase_a_stability_a_n_silent_e": 6,
  "ee_calibration_scale": 244.38771599438678,
  "ee_calibration_frac": 0.13352354090982219,
  "ee_calibration_mean": 0.488775372505188,
  "phase_b_fwd_rev_weight_ratio": 0.7949492196707043,
  "phase_b_fwd_weight_mean": 0.0668658877146996,
  "phase_b_rev_weight_mean": 0.08411340757387974,
  "phase_b_trained_spike_mean": 21.333333333333332,
  "phase_b_reverse_spike_mean": 19.666666666666668,
  "phase_b_spike_ratio": 1.0847457627118642,
  "phase_b_omission_signal": 43.28589884307648,
  "phase_b_osi_post": 0.24679484440558458,
  "phase_b_stability_v1_rate_hz": 4.791666666666666,
  "phase_b_stability_pv_rate_hz": 45.72916666666667,
  "phase_b_stability_som_rate_hz": 5.0,
  "phase_b_stability_n_silent_e": 1,
  "elapsed_seconds": 288.6
}