{
  "key": "A4",
  "seed": 5,
  "name": "STP OFF",
  "category": "A",
  "phase_a_osi_mean": 0.6442980782839117,
  "phase_a_osi_median": 0.695159921054274,
  "phase_a_n_tuned": 30,
  "phase_a_pref_uniformity_R": 0.210621579583293,
  "phase_a_pref_max_gap": 24.79759482045699,
  "phase_a_mean_rate_hz": 2.359375,
  "phase_a_onoff_corr": -0.46618419661675026,
  "phase_a_stability_a_v1_rate_hz": 1.979166666666667,
  "phase_a_stability_a_pv_rate_hz": 52.1875,
  "phase_a_stability_a_som_rate_hz": 2.0833333333333335,
  "phase_a_stability_a_n_silent_e": 18,
  "ee_calibration_scale": 258.79186662892766,
  "ee_calibration_frac": 0.13299807060371313,
  "ee_calibration_mean": 0.5175837874412537,
  "phase_b_fwd_rev_weight_ratio": 1.4306021063218133,
  "phase_b_fwd_weight_mean": 0.14901916862988865,
  "phase_b_rev_weight_mean": 0.10416534966038059,
  "phase_b_trained_spike_mean": 10.633333333333333,
  "phase_b_reverse_spike_mean": 9.366666666666667,
  "phase_b_spike_ratio": 1.1352313167259784,
  "phase_b_omission_signal": 36.72124715460671,
  "phase_b_osi_post": 0.6036700486905124,
  "phase_b_stability_v1_rate_hz": 2.5,
  "phase_b_stability_pv_rate_hz": 55.00000000000001,
  "phase_b_stability_som_rate_hz": 2.8125,
  "phase_b_stability_n_silent_e": 15,
  "elapsed_seconds": 270.9
}