{
  "key": "A4",
  "seed": 4,
  "name": "STP OFF",
  "category": "A",
  "phase_a_osi_mean": 0.6634843192947737,
  "phase_a_osi_median": 0.7473464280747042,
  "phase_a_n_tuned": 30,
  "phase_a_pref_uniformity_R": 0.1022724908700349,
  "phase_a_pref_max_gap": 33.44786298451916,
  "phase_a_mean_rate_hz": 2.109375,
  "phase_a_onoff_corr": -0.46466890172324116,
  "phase_a_stability_a_v1_rate_hz": 1.25,
  "phase_a_stability_a_pv_rate_hz": 50.833333333333336,
  "phase_a_stability_a_som_rate_hz": 1.25,
  "phase_a_stability_a_n_silent_e": 21,
  "ee_calibration_scale": 266.3092480775388,
  "ee_calibration_frac": 0.14720742820977697,
  "ee_calibration_mean": 0.5326184630393982,
  "phase_b_fwd_rev_weight_ratio": 1.2177699672874267,
  "phase_b_fwd_weight_mean": 0.15276633455497365,
  "phase_b_rev_weight_mean": 0.1254476121588542,
  "phase_b_trained_spike_mean": 8.366666666666667,
  "phase_b_reverse_spike_mean": 7.9,
  "phase_b_spike_ratio": 1.0590717299578059,
  "phase_b_omission_signal": 34.96764074742794,
  "phase_b_osi_post": 0.629834011805017,
  "phase_b_stability_v1_rate_hz": 2.604166666666667,
  "phase_b_stability_pv_rate_hz": 55.52083333333334,
  "phase_b_stability_som_rate_hz": 3.7500000000000004,
  "phase_b_stability_n_silent_e": 11,
  "elapsed_seconds": 270.2
}