{
  "key": "A4",
  "seed": 2,
  "name": "STP OFF",
  "category": "A",
  "phase_a_osi_mean": 0.6625324172057239,
  "phase_a_osi_median": 0.7231476768543574,
  "phase_a_n_tuned": 30,
  "phase_a_pref_uniformity_R": 0.10938955845120363,
  "phase_a_pref_max_gap": 36.76721425472023,
  "phase_a_mean_rate_hz": 2.237847328186035,
  "phase_a_onoff_corr": -0.47359860563243444,
  "phase_a_stability_a_v1_rate_hz": 1.5625000000000002,
  "phase_a_stability_a_pv_rate_hz": 54.16666666666667,
  "phase_a_stability_a_som_rate_hz": 1.3541666666666667,
  "phase_a_stability_a_n_silent_e": 22,
  "ee_calibration_scale": 334.8661511664233,
  "ee_calibration_frac": 0.1493366605708547,
  "ee_calibration_mean": 0.6697322726249695,
  "phase_b_fwd_rev_weight_ratio": 1.344210446143088,
  "phase_b_fwd_weight_mean": 0.15754222600720824,
  "phase_b_rev_weight_mean": 0.11720056666665589,
  "phase_b_trained_spike_mean": 10.033333333333333,
  "phase_b_reverse_spike_mean": 8.766666666666667,
  "phase_b_spike_ratio": 1.144486692015209,
  "phase_b_omission_signal": 35.69810824453831,
  "phase_b_osi_post": 0.628943929892021,
  "phase_b_stability_v1_rate_hz": 1.7708333333333335,
  "phase_b_stability_pv_rate_hz": 52.5,
  "phase_b_stability_som_rate_hz": 1.4583333333333335,
  "phase_b_stability_n_silent_e": 18,
  "elapsed_seconds": 271.6
}