{
  "key": "A4",
  "seed": 3,
  "name": "STP OFF",
  "category": "A",
  "phase_a_osi_mean": 0.6654253028854309,
  "phase_a_osi_median": 0.7407791196832759,
  "phase_a_n_tuned": 30,
  "phase_a_pref_uniformity_R": 0.34551041167109825,
  "phase_a_pref_max_gap": 30.995514965824697,
  "phase_a_mean_rate_hz": 2.3802082538604736,
  "phase_a_onoff_corr": -0.47087603110880755,
  "phase_a_stability_a_v1_rate_hz": 1.4583333333333335,
  "phase_a_stability_a_pv_rate_hz": 54.68750000000001,
  "phase_a_stability_a_som_rate_hz": 0.3125,
  "phase_a_stability_a_n_silent_e": 21,
  "ee_calibration_scale": 290.19713745863174,
  "ee_calibration_frac": 0.15193610487551876,
  "ee_calibration_mean": 0.5803943872451782,
  "phase_b_fwd_rev_weight_ratio": 1.3454293656660257,
  "phase_b_fwd_weight_mean": 0.12651393468535577,
  "phase_b_rev_weight_mean": 0.09403238691964166,
  "phase_b_trained_spike_mean": 10.966666666666667,
  "phase_b_reverse_spike_mean": 8.266666666666667,
  "phase_b_spike_ratio": 1.3266129032258063,
  "phase_b_omission_signal": 35.028181222611,
  "phase_b_osi_post": 0.6499378342079386,
  "phase_b_stability_v1_rate_hz": 2.1875,
  "phase_b_stability_pv_rate_hz": 52.8125,
  "phase_b_stability_som_rate_hz": 2.3958333333333335,
  "phase_b_stability_n_silent_e": 16,
  "elapsed_seconds": 271.4
}