{
  "key": "A4",
  "seed": 1,
  "name": "STP OFF",
  "category": "A",
  "phase_a_osi_mean": 0.6425061206569584,
  "phase_a_osi_median": 0.7263888906680078,
  "phase_a_n_tuned": 27,
  "phase_a_pref_uniformity_R": 0.19228240185451104,
  "phase_a_pref_max_gap": 31.524402341392587,
  "phase_a_mean_rate_hz": 2.2083332538604736,
  "phase_a_onoff_corr": -0.44720414076347637,
  "phase_a_stability_a_v1_rate_hz": 2.291666666666667,
  "phase_a_stability_a_pv_rate_hz": 54.89583333333334,
  "phase_a_stability_a_som_rate_hz": 1.4583333333333335,
  "phase_a_stability_a_n_silent_e": 20,
  "ee_calibration_scale": 290.19713745863174,
  "ee_calibration_frac": 0.1396086999946541,
  "ee_calibration_mean": 0.5803943872451782,
  "phase_b_fwd_rev_weight_ratio": 1.087311087920019,
  "phase_b_fwd_weight_mean": 0.12347873322297427,
  "phase_b_rev_weight_mean": 0.11356339008662551,
  "phase_b_trained_spike_mean": 12.166666666666666,
  "phase_b_reverse_spike_mean": 7.333333333333333,
  "phase_b_spike_ratio": 1.6590909090909092,
  "phase_b_omission_signal": 36.21378658658928,
  "phase_b_osi_post": 0.6309248740568422,
  "phase_b_stability_v1_rate_hz": 2.916666666666667,
  "phase_b_stability_pv_rate_hz": 54.583333333333336,
  "phase_b_stability_som_rate_hz": 3.541666666666667,
  "phase_b_stability_n_silent_e": 14,
  "elapsed_seconds": 271.5
}